observed_utc	head_sha	stars	forks	watchers
2026-08-01T22:06:43Z	d0e1ae7de1317b7d5e32cf7396972e1e85db9435	182	17	1
2026-08-01T22:35:48Z	d0e1ae7de1317b7d5e32cf7396972e1e85db9435	184	17	1
2026-08-01T23:36:33Z	39fba5b073b8b382283979fd0d4c3b1bb11b26d7	191	18	1
2026-08-02T00:58:15Z	94bc0feb6a9ff12c7d31d6de640a725c9d43d2b6	202	19	1
2026-08-02T01:58:03Z	94bc0feb6a9ff12c7d31d6de640a725c9d43d2b6	208	19	1
2026-08-02T04:07:49Z	94bc0feb6a9ff12c7d31d6de640a725c9d43d2b6	227	20	1
2026-08-02T04:15:24Z	94bc0feb6a9ff12c7d31d6de640a725c9d43d2b6	227	20	1
2026-08-02T04:38:35Z	94bc0feb6a9ff12c7d31d6de640a725c9d43d2b6	230	20	1
2026-08-02T04:43:37Z	94bc0feb6a9ff12c7d31d6de640a725c9d43d2b6	230	20	1
2026-08-02T04:48:39Z	94bc0feb6a9ff12c7d31d6de640a725c9d43d2b6	230	20	1
2026-08-02T04:53:40Z	94bc0feb6a9ff12c7d31d6de640a725c9d43d2b6	230	20	1
2026-08-02T04:58:42Z	94bc0feb6a9ff12c7d31d6de640a725c9d43d2b6	231	20	1
2026-08-02T05:03:44Z	94bc0feb6a9ff12c7d31d6de640a725c9d43d2b6	231	20	1
2026-08-02T05:08:45Z	94bc0feb6a9ff12c7d31d6de640a725c9d43d2b6	231	20	1
2026-08-02T05:13:47Z	94bc0feb6a9ff12c7d31d6de640a725c9d43d2b6	231	20	1
2026-08-02T05:18:48Z	94bc0feb6a9ff12c7d31d6de640a725c9d43d2b6	231	20	1
2026-08-02T05:23:50Z	94bc0feb6a9ff12c7d31d6de640a725c9d43d2b6	232	20	2
2026-08-02T05:43:48Z	94bc0feb6a9ff12c7d31d6de640a725c9d43d2b6	235	21	2
2026-08-02T05:48:50Z	94bc0feb6a9ff12c7d31d6de640a725c9d43d2b6	235	21	2
2026-08-02T05:53:52Z	94bc0feb6a9ff12c7d31d6de640a725c9d43d2b6	238	21	2
2026-08-02T05:58:54Z	94bc0feb6a9ff12c7d31d6de640a725c9d43d2b6	238	22	2
2026-08-02T06:03:55Z	94bc0feb6a9ff12c7d31d6de640a725c9d43d2b6	240	22	2
2026-08-02T06:08:57Z	94bc0feb6a9ff12c7d31d6de640a725c9d43d2b6	241	22	2
2026-08-02T06:13:59Z	94bc0feb6a9ff12c7d31d6de640a725c9d43d2b6	243	22	2
2026-08-02T06:19:01Z	94bc0feb6a9ff12c7d31d6de640a725c9d43d2b6	245	22	2
2026-08-02T06:24:03Z	94bc0feb6a9ff12c7d31d6de640a725c9d43d2b6	247	22	2
2026-08-02T06:29:04Z	94bc0feb6a9ff12c7d31d6de640a725c9d43d2b6	248	22	2
2026-08-02T06:41:35Z	94bc0feb6a9ff12c7d31d6de640a725c9d43d2b6	249	22	2
2026-08-02T06:46:36Z	94bc0feb6a9ff12c7d31d6de640a725c9d43d2b6	249	22	2
2026-08-02T06:51:37Z	94bc0feb6a9ff12c7d31d6de640a725c9d43d2b6	250	22	2
2026-08-02T06:56:38Z	94bc0feb6a9ff12c7d31d6de640a725c9d43d2b6	250	22	2
2026-08-02T07:01:40Z	94bc0feb6a9ff12c7d31d6de640a725c9d43d2b6	251	22	2
2026-08-02T07:06:41Z	94bc0feb6a9ff12c7d31d6de640a725c9d43d2b6	252	22	2
2026-08-02T07:11:42Z	94bc0feb6a9ff12c7d31d6de640a725c9d43d2b6	252	22	2
2026-08-02T07:16:43Z	94bc0feb6a9ff12c7d31d6de640a725c9d43d2b6	254	22	2
2026-08-02T07:21:44Z	94bc0feb6a9ff12c7d31d6de640a725c9d43d2b6	254	22	2
2026-08-02T07:26:45Z	94bc0feb6a9ff12c7d31d6de640a725c9d43d2b6	254	22	2
